model,fold,MAE_EGP,RMSE_EGP,R2,MedianAE_EGP,MAPE,sMAPE
Median baseline,1,7978896.291840461,16349590.95331149,-0.01953505389275212,3960000.0000000037,0.7660526418996328,0.5068229324227599
CatBoost,1,5965211.789666734,11371816.225478716,0.5067716349715155,3045398.0935062952,0.4105398432933854,0.4181455103586901
Median baseline,2,8912576.60207961,22240781.67572888,0.17608825581595522,3751068.3955806084,0.764489932520791,0.5286333403813841
CatBoost,2,6481016.498194342,18180501.487423863,0.4494556415655653,2536541.601469049,0.43269805870498074,0.38945451068200065
