property_type,sample_size,mae_egp,median_ae_egp,mape
Apartment,1496,2553515.964562657,1453318.8968235822,0.2977820776322031
Villa,450,17626439.29466439,8231739.05646177,0.4239056409840335
Chalet,343,4708913.013144258,2059993.539170403,0.40588167117227364
Townhouse,245,5042440.5515648965,3370135.10562988,0.4030318461958439
Duplex,103,4372572.784708696,3229069.240709571,0.3613139193179533
Twin House,102,8126022.069559871,5061126.360895144,0.2738040022754116
