market_tier,sample_size,mae_egp,median_ae_egp,mape
Mid-market,758,1863448.4901875986,1264367.3326790505,0.20364746308623308
Upper-mid,753,4138561.719367251,3073116.5326651316,0.2595782493000013
Luxury,651,15838997.614810847,9046016.432730395,0.45140239918164016
Affordable,577,1805413.404955101,1108546.897830356,0.5123967477001565
